node1,node2
859441,1651333
859441,2829430
859441,2455582
859441,2332397
859441,1791688
859441,1629087
859441,3296786
859441,3164615
859441,2206677
859441,667577
859441,819160
859441,2900949
859441,1248453
859441,1476083
859441,3572421
859441,3570271
859441,431849
859441,4132916
859441,2828000
859441,3039518
859441,1181187
859441,1304454
859441,1372527
859441,4033752
859441,3460119
859441,2768974
859441,2377661
859441,3062929
859441,3056130
859441,3213246
859441,3852958
859441,3154316
859441,2169669
859441,4039701
859441,2107492
859441,3756727
859441,3905599
859441,3481055
859441,3649542
859441,2351418
859441,4218679
859441,4005643
859441,1920782
859441,498078
859441,1487948
859441,2298404
859441,3609850
859441,2161681
859441,2932657
859441,772083
859441,2574794
859441,1993208
859441,3377736
859441,1756030
859441,3833566
859441,3798811
859441,2599891
859441,2308498
859441,2916560
859441,1445581
859441,703049
859441,2646380
859441,3450897
859441,3107911
1651333,859441
1651333,2829430
1651333,2455582
1651333,2332397
1651333,1791688
1651333,1629087
1651333,3296786
1651333,3164615
1651333,2206677
1651333,667577
1651333,819160
1651333,2900949
1651333,1248453
1651333,1476083
1651333,3572421
1651333,3570271
1651333,431849
1651333,4132916
1651333,2828000
1651333,3039518
1651333,1181187
1651333,1304454
1651333,1372527
1651333,4033752
1651333,3460119
1651333,2768974
1651333,2377661
1651333,3062929
1651333,3056130
1651333,3213246
1651333,3852958
1651333,3154316
1651333,2169669
1651333,4039701
1651333,2107492
1651333,3756727
1651333,3905599
1651333,3481055
1651333,3649542
1651333,2351418
1651333,4218679
1651333,4005643
1651333,1920782
1651333,498078
1651333,1487948
1651333,2298404
1651333,3609850
1651333,2161681
1651333,2932657
1651333,772083
1651333,2574794
1651333,1993208
1651333,3377736
1651333,1756030
1651333,3833566
1651333,3798811
1651333,2599891
1651333,2308498
1651333,2916560
1651333,1445581
1651333,703049
1651333,2646380
1651333,3450897
1651333,3107911
562715,3131114
562715,460767
562715,2853657
562715,2202692
562715,416378
562715,1044894
562715,2410089
562715,3930533
562715,2134915
562715,968604
562715,529896
562715,465839
562715,797553
562715,404040
562715,807014
562715,3184737
562715,1029019
562715,1418199
562715,1561419
562715,667473
562715,1977514
562715,983170
562715,3956127
562715,3202064
562715,2538744
562715,830588
667577,859441
667577,1651333
667577,2829430
667577,2455582
667577,2332397
667577,1791688
667577,1629087
667577,3296786
667577,3164615
667577,2206677
667577,819160
667577,2900949
667577,1248453
667577,1476083
667577,3572421
667577,3570271
667577,431849
667577,4132916
667577,2828000
667577,3039518
667577,1181187
667577,1304454
667577,1372527
667577,4033752
667577,3460119
667577,2768974
667577,2377661
667577,3062929
667577,3056130
667577,3213246
667577,3852958
667577,3154316
667577,2169669
667577,4039701
667577,2107492
667577,3756727
667577,3905599
667577,3481055
667577,2720911
667577,3649542
667577,2351418
667577,4218679
667577,4005643
667577,1920782
667577,498078
667577,1487948
667577,2298404
667577,3609850
667577,2161681
667577,2932657
667577,772083
667577,2574794
667577,1993208
667577,3377736
667577,1756030
667577,3833566
667577,3798811
667577,2599891
667577,2308498
667577,2916560
667577,1445581
667577,703049
667577,2646380
667577,3450897
667577,3107911
3380125,3710919
3380125,2901813
3380125,2926739
3380125,1533572
3380125,1011917
3380125,3380947
3380125,2983812
3380125,1446857
3380125,1904884
3380125,281167
3380125,2936094
3380125,2353578
3380125,3573311
3380125,1150279
3380125,3157321
3380125,4005108
3380125,3833526
3380125,1607549
3380125,1639169
3380125,1691886
3380125,600166
3380125,803165
3380125,1988074
3380125,1176393
3380125,3535218
3380125,2239404
3380125,1677446
3380125,764319
3380125,3080830
3380125,3472723
3380125,2256190
3380125,2168448
3380125,548668
3380125,1424687
3380125,498492
3380125,252402
3380125,1416847
3380125,1546600
3380125,811735
3380125,2426047
3380125,1551379
3380125,2416521
3380125,1716887
3380125,1641499
3380125,1278658
3380125,2337170
3380125,1694381
3380125,3412127
3380125,3491643
3380125,1352471
3380125,3212758
3380125,3307154
3380125,3474059
3380125,1535387
3380125,2164779
3380125,515777
3380125,2341291
3380125,2301288
3380125,1670875
3380125,1873619
3380125,1677652
3380125,3594614
3380125,2568069
3380125,2605481
3380125,750695
3380125,963042
3380125,3781289
3380125,2459110
3380125,2527876
3380125,2345747
3380125,1893602
3380125,530784
3380125,3655512
3380125,1334557
3380125,1612547
3380125,4082249
3380125,2634975
3380125,2741664
3380125,1782354
3380125,147933
3380125,1143543
3380125,1675614
3380125,2528148
3380125,2839981
3380125,813656
2256190,3710919
2256190,2901813
2256190,2926739
2256190,1533572
2256190,1011917
2256190,3380947
2256190,3380125
2256190,2983812
2256190,1446857
2256190,1904884
2256190,281167
2256190,2936094
2256190,2353578
2256190,3573311
2256190,1150279
2256190,3157321
2256190,4005108
2256190,3833526
2256190,1607549
2256190,1639169
2256190,1691886
2256190,600166
2256190,803165
2256190,1988074
2256190,1176393
2256190,3535218
2256190,2239404
2256190,1677446
2256190,764319
2256190,3080830
2256190,3472723
2256190,2168448
2256190,548668
2256190,1424687
2256190,498492
2256190,252402
2256190,1416847
2256190,1546600
2256190,811735
2256190,2426047
2256190,1551379
2256190,2416521
2256190,1716887
2256190,1641499
2256190,1278658
2256190,2337170
2256190,1694381
2256190,3412127
2256190,3491643
2256190,1352471
2256190,3212758
2256190,3307154
2256190,3474059
2256190,1535387
2256190,2164779
2256190,515777
2256190,2341291
2256190,2301288
2256190,1670875
2256190,1873619
2256190,1677652
2256190,3594614
2256190,2568069
2256190,2605481
2256190,750695
2256190,963042
2256190,3781289
2256190,2459110
2256190,2527876
2256190,2345747
2256190,1893602
2256190,530784
2256190,3655512
2256190,1334557
2256190,1612547
2256190,4082249
2256190,2634975
2256190,2741664
2256190,1782354
2256190,147933
2256190,1143543
2256190,1675614
2256190,2528148
2256190,2839981
2256190,813656
1418199,2681286
1418199,3131114
1418199,460767
1418199,2853657
1418199,3294178
1418199,760485
1418199,2202692
1418199,555394
1418199,562715
1418199,2156211
1418199,416378
1418199,2354775
1418199,1621142
1418199,2637324
1418199,1044894
1418199,2410089
1418199,3383486
1418199,3088032
1418199,3930533
1418199,1286975
1418199,2134915
1418199,968604
1418199,3397609
1418199,529896
1418199,465839
1418199,1944248
1418199,797553
1418199,404040
1418199,1816897
1418199,2197902
1418199,807014
1418199,3850607
1418199,486579
1418199,1608939
1418199,414992
1418199,1000551
1418199,3184737
1418199,1029019
1418199,3420892
1418199,1003621
1418199,1561419
1418199,667473
1418199,1369150
1418199,992140
1418199,1977514
1418199,3253061
1418199,2189280
1418199,818307
1418199,983170
1418199,481555
1418199,1711324
1418199,3644607
1418199,2275138
1418199,3956127
1418199,3202064
1418199,3140722
1418199,1443970
1418199,411345
1418199,838900
1418199,1641213
1418199,2538744
1418199,79100
1418199,1014673
1418199,3111551
1418199,523075
1418199,298328
515777,3710919
515777,2901813
515777,2926739
515777,1533572
515777,1011917
515777,3380947
515777,3380125
515777,2983812
515777,1446857
515777,1904884
515777,281167
515777,2936094
515777,2353578
515777,3573311
515777,1150279
515777,3157321
515777,4005108
515777,3833526
515777,1607549
515777,1639169
515777,1691886
515777,600166
515777,803165
515777,1988074
515777,1176393
515777,3535218
515777,2239404
515777,1677446
515777,764319
515777,3080830
515777,3472723
515777,2256190
515777,2168448
515777,548668
515777,1424687
515777,498492
515777,252402
515777,1416847
515777,1546600
515777,811735
515777,2426047
515777,1551379
515777,2416521
515777,1716887
515777,1641499
515777,1278658
515777,2337170
515777,1694381
515777,3412127
515777,3491643
515777,1352471
515777,3212758
515777,3307154
515777,3474059
515777,1535387
515777,2164779
515777,2341291
515777,2301288
515777,1670875
515777,1873619
515777,1677652
515777,3594614
515777,2568069
515777,2605481
515777,750695
515777,963042
515777,3781289
515777,2459110
515777,2527876
515777,2345747
515777,1893602
515777,530784
515777,3655512
515777,1334557
515777,1612547
515777,4082249
515777,2634975
515777,2741664
515777,1782354
515777,147933
515777,1143543
515777,1675614
515777,2528148
515777,2839981
515777,813656
1974646,1677446
3570271,859441
3570271,1651333
3570271,2829430
3570271,2455582
3570271,2332397
3570271,1791688
3570271,1629087
3570271,3296786
3570271,3164615
3570271,2206677
3570271,667577
3570271,819160
3570271,2900949
3570271,1248453
3570271,1476083
3570271,3572421
3570271,431849
3570271,4132916
3570271,2828000
3570271,3039518
3570271,1181187
3570271,1304454
3570271,1372527
3570271,4033752
3570271,3460119
3570271,2768974
3570271,2377661
3570271,3062929
3570271,3056130
3570271,3213246
3570271,3852958
3570271,3154316
3570271,2169669
3570271,4039701
3570271,2107492
3570271,3756727
3570271,3905599
3570271,3481055
3570271,3649542
3570271,2351418
3570271,4218679
3570271,4005643
3570271,1920782
3570271,498078
3570271,1487948
3570271,2298404
3570271,3609850
3570271,2161681
3570271,2932657
3570271,772083
3570271,3173803
3570271,2574794
3570271,1993208
3570271,3377736
3570271,1756030
3570271,3833566
3570271,3798811
3570271,2599891
3570271,2308498
3570271,2916560
3570271,1445581
3570271,703049
3570271,2646380
3570271,3450897
3570271,3107911
431849,859441
431849,1651333
431849,2829430
431849,2455582
431849,2332397
431849,1791688
431849,1629087
431849,3296786
431849,3164615
431849,2206677
431849,667577
431849,819160
431849,2900949
431849,1248453
431849,1476083
431849,3572421
431849,3570271
431849,4132916
431849,2828000
431849,3039518
431849,1181187
431849,1304454
431849,1372527
431849,4033752
431849,3460119
431849,2768974
431849,2377661
431849,3062929
431849,3056130
431849,3213246
431849,3852958
431849,3154316
431849,2169669
431849,4039701
431849,2107492
431849,3756727
431849,3905599
431849,3481055
431849,3649542
431849,2351418
431849,4218679
431849,4005643
431849,1920782
431849,498078
431849,1487948
431849,2298404
431849,3609850
431849,2161681
431849,2932657
431849,772083
431849,2574794
431849,1993208
431849,3377736
431849,1756030
431849,3833566
431849,3798811
431849,2599891
431849,2308498
431849,2916560
431849,1445581
431849,703049
431849,2646380
431849,3450897
431849,3107911
2637324,2681286
2637324,3131114
2637324,2853657
2637324,3294178
2637324,760485
2637324,2202692
2637324,555394
2637324,416378
2637324,2354775
2637324,1044894
2637324,1100867
2637324,2410089
2637324,3383486
2637324,3930533
2637324,3684303
2637324,1286975
2637324,2134915
2637324,968604
2637324,2318666
2637324,146207
2637324,3397609
2637324,529896
2637324,920332
2637324,565884
2637324,4099624
2637324,465839
2637324,1033512
2637324,797553
2637324,404040
2637324,1816897
2637324,2197902
2637324,807014
2637324,3850607
2637324,486579
2637324,414992
2637324,445210
2637324,1000551
2637324,3184737
2637324,1418199
2637324,1003621
2637324,1561419
2637324,667473
2637324,992140
2637324,1977514
2637324,3253061
2637324,2189280
2637324,818307
2637324,983170
2637324,481555
2637324,2563111
2637324,1711324
2637324,3644607
2637324,2275138
2637324,3956127
2637324,3202064
2637324,3140722
2637324,1443970
2637324,411345
2637324,1641213
2637324,2538744
2637324,79100
2637324,1014673
2637324,3111551
4132916,859441
4132916,1651333
4132916,2829430
4132916,2455582
4132916,2332397
4132916,1791688
4132916,1629087
4132916,3296786
4132916,3164615
4132916,2206677
4132916,667577
4132916,819160
4132916,2900949
4132916,1248453
4132916,1476083
4132916,3572421
4132916,3570271
4132916,431849
4132916,2828000
4132916,3039518
4132916,1181187
4132916,1304454
4132916,1372527
4132916,4033752
4132916,3460119
4132916,2768974
4132916,2377661
4132916,3062929
4132916,3056130
4132916,3213246
4132916,3852958
4132916,3154316
4132916,2169669
4132916,4039701
4132916,2107492
4132916,3756727
4132916,3905599
4132916,3481055
4132916,3649542
4132916,2351418
4132916,4218679
4132916,4005643
4132916,1920782
4132916,498078
4132916,1487948
4132916,2298404
4132916,3609850
4132916,2161681
4132916,2932657
4132916,772083
4132916,2574794
4132916,1993208
4132916,3377736
4132916,1756030
4132916,3833566
4132916,3798811
4132916,2599891
4132916,2308498
4132916,2916560
4132916,1445581
4132916,703049
4132916,2646380
4132916,3450897
4132916,3107911
2828000,859441
2828000,1651333
2828000,2829430
2828000,2455582
2828000,2332397
2828000,1791688
2828000,1629087
2828000,3296786
2828000,3164615
2828000,2206677
2828000,667577
2828000,819160
2828000,2900949
2828000,1248453
2828000,1476083
2828000,3572421
2828000,3570271
2828000,431849
2828000,4132916
2828000,3039518
2828000,1181187
2828000,1304454
2828000,1372527
2828000,4033752
2828000,3460119
2828000,2768974
2828000,2377661
2828000,3062929
2828000,3056130
2828000,3213246
2828000,3852958
2828000,3154316
2828000,2169669
2828000,4039701
2828000,2107492
2828000,3756727
2828000,3905599
2828000,3481055
2828000,3649542
2828000,2351418
2828000,4218679
2828000,4005643
2828000,1920782
2828000,498078
2828000,1487948
2828000,2298404
2828000,3609850
2828000,2161681
2828000,2932657
2828000,772083
2828000,2574794
2828000,1993208
2828000,3377736
2828000,1756030
2828000,3833566
2828000,3798811
2828000,2599891
2828000,2308498
2828000,2916560
2828000,1445581
2828000,703049
2828000,2646380
2828000,3450897
2828000,3107911
404040,2681286
404040,3131114
404040,460767
404040,2853657
404040,3294178
404040,760485
404040,2202692
404040,555394
404040,562715
404040,416378
404040,2354775
404040,2637324
404040,1044894
404040,2410089
404040,3383486
404040,3930533
404040,3684303
404040,1286975
404040,2134915
404040,968604
404040,2318666
404040,146207
404040,3397609
404040,529896
404040,565884
404040,4099624
404040,465839
404040,1033512
404040,797553
404040,1816897
404040,2197902
404040,807014
404040,3850607
404040,486579
404040,414992
404040,1000551
404040,3184737
404040,1029019
404040,1418199
404040,1003621
404040,1561419
404040,3914050
404040,667473
404040,992140
404040,1977514
404040,3253061
404040,2189280
404040,983170
404040,481555
404040,1711324
404040,3644607
404040,2275138
404040,3956127
404040,3202064
404040,3140722
404040,1443970
404040,1641213
404040,2538744
404040,1014673
404040,3111551
2197902,3131114
2197902,2853657
2197902,3294178
2197902,2202692
2197902,416378
2197902,2637324
2197902,1044894
2197902,2410089
2197902,3930533
2197902,1286975
2197902,2134915
2197902,968604
2197902,529896
2197902,465839
2197902,797553
2197902,404040
2197902,807014
2197902,486579
2197902,1000551
2197902,3184737
2197902,1418199
2197902,1003621
2197902,992140
2197902,1977514
2197902,2189280
2197902,818307
2197902,983170
2197902,2563111
2197902,3644607
2197902,3956127
2197902,3202064
2197902,3140722
2197902,1443970
2197902,411345
2197902,1641213
2197902,2538744
2197902,1014673
2197902,3111551
807014,2681286
807014,3131114
807014,460767
807014,2853657
807014,3294178
807014,760485
807014,2202692
807014,609083
807014,562715
807014,416378
807014,2354775
807014,2637324
807014,4202283
807014,1044894
807014,2410089
807014,3383486
807014,3930533
807014,3684303
807014,1286975
807014,2134915
807014,968604
807014,2318666
807014,3397609
807014,529896
807014,465839
807014,797553
807014,404040
807014,1816897
807014,2197902
807014,3850607
807014,486579
807014,414992
807014,445210
807014,3184737
807014,1029019
807014,1418199
807014,1003621
807014,1561419
807014,667473
807014,992140
807014,1977514
807014,1017237
807014,2189280
807014,818307
807014,983170
807014,3204752
807014,481555
807014,2563111
807014,3644607
807014,3956127
807014,3202064
807014,3140722
807014,1443970
807014,328869
807014,411345
807014,2538744
807014,1014673
807014,397248
807014,3111551
486579,2681286
486579,3131114
486579,2853657
486579,3294178
486579,760485
486579,2202692
486579,834598
486579,416378
486579,2354775
486579,2637324
486579,1044894
486579,1100867
486579,2410089
486579,3930533
486579,3684303
486579,1286975
486579,2134915
486579,968604
486579,2318666
486579,3397609
486579,529896
486579,465839
486579,797553
486579,404040
486579,2197902
486579,807014
486579,3850607
486579,414992
486579,445210
486579,1000551
486579,3184737
486579,1418199
486579,1003621
486579,1561419
486579,3914050
486579,667473
486579,992140
486579,1977514
486579,2189280
486579,818307
486579,983170
486579,481555
486579,1711324
486579,3644607
486579,3956127
486579,3202064
486579,3089178
486579,3140722
486579,1443970
486579,411345
486579,1641213
486579,2538744
486579,1014673
486579,1016
486579,397248
486579,3111551
486579,1413220
3294178,2681286
3294178,3131114
3294178,2853657
3294178,760485
3294178,2202692
3294178,834598
3294178,555394
3294178,609083
3294178,416378
3294178,2354775
3294178,2637324
3294178,1044894
3294178,1100867
3294178,2410089
3294178,3383486
3294178,3930533
3294178,3684303
3294178,1286975
3294178,2134915
3294178,968604
3294178,2318666
3294178,146207
3294178,3397609
3294178,529896
3294178,565884
3294178,4099624
3294178,465839
3294178,1033512
3294178,797553
3294178,404040
3294178,1816897
3294178,2197902
3294178,807014
3294178,3850607
3294178,486579
3294178,414992
3294178,445210
3294178,1000551
3294178,3184737
3294178,1418199
3294178,1003621
3294178,1561419
3294178,667473
3294178,992140
3294178,1977514
3294178,3253061
3294178,2189280
3294178,818307
3294178,983170
3294178,481555
3294178,2563111
3294178,1711324
3294178,3644607
3294178,2275138
3294178,3956127
3294178,3202064
3294178,3089178
3294178,3140722
3294178,1443970
3294178,411345
3294178,1641213
3294178,2538744
3294178,1014673
3294178,1016
3294178,397248
3294178,3111551
3294178,1413220
2332397,859441
2332397,1651333
2332397,2829430
2332397,2455582
2332397,1791688
2332397,1629087
2332397,3296786
2332397,3164615
2332397,2206677
2332397,667577
2332397,819160
2332397,2900949
2332397,1248453
2332397,1476083
2332397,3572421
2332397,3570271
2332397,431849
2332397,4132916
2332397,2828000
2332397,3039518
2332397,1181187
2332397,1304454
2332397,1372527
2332397,4033752
2332397,3460119
2332397,2768974
2332397,2377661
2332397,3062929
2332397,3056130
2332397,3213246
2332397,3852958
2332397,3154316
2332397,2169669
2332397,4039701
2332397,2107492
2332397,3756727
2332397,3905599
2332397,3481055
2332397,3649542
2332397,2351418
2332397,4218679
2332397,4005643
2332397,1920782
2332397,498078
2332397,1487948
2332397,2298404
2332397,3609850
2332397,2161681
2332397,2932657
2332397,772083
2332397,2574794
2332397,1993208
2332397,3377736
2332397,1756030
2332397,3833566
2332397,3798811
2332397,2599891
2332397,2308498
2332397,2916560
2332397,1445581
2332397,703049
2332397,2646380
2332397,3450897
2332397,3107911
3535218,3710919
3535218,2901813
3535218,2926739
3535218,1533572
3535218,1011917
3535218,3380947
3535218,3380125
3535218,2983812
3535218,1446857
3535218,1904884
3535218,281167
3535218,2936094
3535218,2353578
3535218,3573311
3535218,1150279
3535218,3157321
3535218,4005108
3535218,3833526
3535218,1607549
3535218,1639169
3535218,1691886
3535218,600166
3535218,803165
3535218,1988074
3535218,1176393
3535218,2239404
3535218,1677446
3535218,764319
3535218,3080830
3535218,3472723
3535218,2256190
3535218,2168448
3535218,548668
3535218,1424687
3535218,498492
3535218,252402
3535218,1416847
3535218,1546600
3535218,811735
3535218,2426047
3535218,1551379
3535218,2416521
3535218,1716887
3535218,1641499
3535218,1278658
3535218,2337170
3535218,1694381
3535218,3412127
3535218,3491643
3535218,1352471
3535218,3212758
3535218,3307154
3535218,3474059
3535218,1535387
3535218,2164779
3535218,515777
3535218,2341291
3535218,2301288
3535218,1670875
3535218,1873619
3535218,1677652
3535218,3594614
3535218,2568069
3535218,2605481
3535218,750695
3535218,963042
3535218,3781289
3535218,2459110
3535218,2527876
3535218,2345747
3535218,1893602
3535218,530784
3535218,3655512
3535218,1334557
3535218,1612547
3535218,4082249
3535218,2634975
3535218,2741664
3535218,1782354
3535218,147933
3535218,1143543
3535218,1675614
3535218,2528148
3535218,2839981
3535218,813656
1677446,3710919
1677446,2901813
1677446,2926739
1677446,1533572
1677446,1011917
1677446,3380947
1677446,3380125
1677446,2983812
1677446,1446857
1677446,1904884
1677446,281167
1677446,2936094
1677446,2353578
1677446,3573311
1677446,1150279
1677446,3157321
1677446,4005108
1677446,3833526
1677446,1607549
1677446,1639169
1677446,1691886
1677446,600166
1677446,803165
1677446,1988074
1677446,1176393
1677446,3535218
1677446,2239404
1677446,764319
1677446,3080830
1677446,3472723
1677446,2256190
1677446,2168448
1677446,548668
1677446,1424687
1677446,498492
1677446,252402
1677446,1416847
1677446,1546600
1677446,811735
1677446,2426047
1677446,1551379
1677446,2416521
1677446,1716887
1677446,1641499
1677446,1278658
1677446,2337170
1677446,1694381
1677446,3412127
1677446,3491643
1677446,1352471
1677446,3212758
1677446,3307154
1677446,3474059
1677446,1535387
1677446,2164779
1677446,515777
1677446,2341291
1677446,2301288
1677446,1670875
1677446,1873619
1677446,1677652
1677446,3594614
1677446,2568069
1677446,2605481
1677446,750695
1677446,963042
1677446,3781289
1677446,2459110
1677446,2527876
1677446,2345747
1677446,1893602
1677446,530784
1677446,3655512
1677446,1974646
1677446,1334557
1677446,1612547
1677446,4082249
1677446,2634975
1677446,2741664
1677446,1782354
1677446,147933
1677446,1143543
1677446,1675614
1677446,2528148
1677446,2839981
1677446,813656
963042,3710919
963042,2901813
963042,2926739
963042,1533572
963042,1011917
963042,3380947
963042,3380125
963042,2983812
963042,1446857
963042,1904884
963042,281167
963042,2936094
963042,2353578
963042,3573311
963042,1150279
963042,3157321
963042,4005108
963042,3833526
963042,1607549
963042,1639169
963042,1691886
963042,600166
963042,803165
963042,1988074
963042,1176393
963042,3535218
963042,2239404
963042,1677446
963042,764319
963042,3080830
963042,3472723
963042,2256190
963042,2168448
963042,548668
963042,1424687
963042,498492
963042,252402
963042,1416847
963042,1546600
963042,811735
963042,2426047
963042,1551379
963042,2416521
963042,1716887
963042,1641499
963042,1278658
963042,2337170
963042,1694381
963042,3412127
963042,3491643
963042,1352471
963042,3212758
963042,3307154
963042,3474059
963042,1535387
963042,2164779
963042,515777
963042,2341291
963042,2301288
963042,1670875
963042,1873619
963042,1677652
963042,3594614
963042,2568069
963042,2605481
963042,750695
963042,3781289
963042,2459110
963042,2527876
963042,2345747
963042,1893602
963042,530784
963042,3655512
963042,1334557
963042,1612547
963042,4082249
963042,2634975
963042,2741664
963042,1782354
963042,147933
963042,1143543
963042,1675614
963042,2528148
963042,2839981
963042,813656
3644607,3294178
3644607,416378
3644607,2637324
3644607,2410089
3644607,1286975
3644607,529896
3644607,465839
3644607,797553
3644607,404040
3644607,2197902
3644607,807014
3644607,486579
3644607,1418199
3644607,983170
3644607,3956127
3644607,3202064
3644607,3140722
3644607,1014673
2574794,859441
2574794,1651333
2574794,2829430
2574794,2455582
2574794,2332397
2574794,1791688
2574794,1629087
2574794,3296786
2574794,3164615
2574794,2206677
2574794,667577
2574794,819160
2574794,2900949
2574794,1248453
2574794,1476083
2574794,3572421
2574794,3570271
2574794,431849
2574794,4132916
2574794,2828000
2574794,3039518
2574794,1181187
2574794,1304454
2574794,1372527
2574794,4033752
2574794,3460119
2574794,2768974
2574794,2377661
2574794,3062929
2574794,3056130
2574794,3213246
2574794,3852958
2574794,3154316
2574794,2169669
2574794,4039701
2574794,2107492
2574794,3756727
2574794,3905599
2574794,3481055
2574794,3649542
2574794,2351418
2574794,4218679
2574794,4005643
2574794,1920782
2574794,498078
2574794,1487948
2574794,2298404
2574794,3609850
2574794,2161681
2574794,2932657
2574794,772083
2574794,1993208
2574794,3377736
2574794,1756030
2574794,3833566
2574794,3798811
2574794,2599891
2574794,2308498
2574794,2916560
2574794,1445581
2574794,703049
2574794,2646380
2574794,3450897
2574794,3107911
3956127,2681286
3956127,3131114
3956127,460767
3956127,2853657
3956127,3294178
3956127,760485
3956127,2202692
3956127,555394
3956127,562715
3956127,416378
3956127,2354775
3956127,2637324
3956127,1044894
3956127,2410089
3956127,3383486
3956127,3930533
3956127,3684303
3956127,1286975
3956127,2134915
3956127,968604
3956127,2318666
3956127,146207
3956127,3397609
3956127,529896
3956127,565884
3956127,4099624
3956127,465839
3956127,4199636
3956127,1033512
3956127,797553
3956127,404040
3956127,2197902
3956127,807014
3956127,3850607
3956127,486579
3956127,414992
3956127,1000551
3956127,3184737
3956127,1029019
3956127,1418199
3956127,1003621
3956127,1561419
3956127,667473
3956127,992140
3956127,1977514
3956127,3253061
3956127,2189280
3956127,818307
3956127,983170
3956127,481555
3956127,2563111
3956127,1711324
3956127,3644607
3956127,2275138
3956127,3202064
3956127,3140722
3956127,1443970
3956127,411345
3956127,1641213
3956127,2538744
3956127,1014673
3956127,397248
3956127,3111551
3956127,1413220
3202064,2681286
3202064,3131114
3202064,460767
3202064,2853657
3202064,3294178
3202064,760485
3202064,2202692
3202064,834598
3202064,555394
3202064,2189466
3202064,562715
3202064,416378
3202064,2354775
3202064,2637324
3202064,1044894
3202064,1100867
3202064,2410089
3202064,3383486
3202064,3930533
3202064,3684303
3202064,1286975
3202064,2134915
3202064,968604
3202064,2318666
3202064,146207
3202064,3397609
3202064,529896
3202064,565884
3202064,4099624
3202064,465839
3202064,1033512
3202064,797553
3202064,404040
3202064,1816897
3202064,2197902
3202064,807014
3202064,3850607
3202064,486579
3202064,414992
3202064,445210
3202064,1000551
3202064,3184737
3202064,1029019
3202064,1418199
3202064,1003621
3202064,1561419
3202064,3914050
3202064,667473
3202064,992140
3202064,1977514
3202064,3253061
3202064,2189280
3202064,818307
3202064,983170
3202064,481555
3202064,2563111
3202064,1711324
3202064,3644607
3202064,2275138
3202064,3956127
3202064,3089178
3202064,3140722
3202064,1443970
3202064,411345
3202064,1641213
3202064,2538744
3202064,1014673
3202064,1016
3202064,397248
3202064,1270709
3202064,3111551
3202064,1413220
3089178,3294178
3089178,2134915
3089178,968604
3089178,529896
3089178,1504269
3089178,797553
3089178,486579
3089178,1003621
3089178,1977514
3089178,2189280
3089178,481555
3089178,1711324
3089178,3202064
3089178,2538744
3089178,1016
3089178,3111551
2318666,2853657
2318666,3294178
2318666,760485
2318666,2637324
2318666,1044894
2318666,3930533
2318666,3684303
2318666,1286975
2318666,2134915
2318666,529896
2318666,465839
2318666,404040
2318666,807014
2318666,3850607
2318666,486579
2318666,414992
2318666,1561419
2318666,992140
2318666,2189280
2318666,983170
2318666,3956127
2318666,3202064
2318666,3140722
3397609,2853657
3397609,3294178
3397609,416378
3397609,2354775
3397609,2637324
3397609,2410089
3397609,1286975
3397609,968604
3397609,529896
3397609,465839
3397609,404040
3397609,807014
3397609,486579
3397609,1418199
3397609,1003621
3397609,992140
3397609,1977514
3397609,2189280
3397609,983170
3397609,3956127
3397609,3202064
529896,2681286
529896,3131114
529896,460767
529896,2853657
529896,3294178
529896,760485
529896,2202692
529896,834598
529896,555394
529896,562715
529896,2156211
529896,1016342
529896,416378
529896,2354775
529896,1621142
529896,2637324
529896,1044894
529896,1100867
529896,2410089
529896,1673735
529896,3383486
529896,3088032
529896,3930533
529896,3684303
529896,1286975
529896,470428
529896,1205597
529896,2134915
529896,968604
529896,2318666
529896,146207
529896,3397609
529896,565884
529896,4099624
529896,465839
529896,1033512
529896,1944248
529896,797553
529896,404040
529896,1634859
529896,1816897
529896,2197902
529896,807014
529896,3850607
529896,486579
529896,1608939
529896,414992
529896,445210
529896,1000551
529896,3184737
529896,1029019
529896,1672471
529896,3420892
529896,1418199
529896,1003621
529896,1561419
529896,667473
529896,1369150
529896,992140
529896,1977514
529896,3253061
529896,2189280
529896,818307
529896,983170
529896,3204752
529896,481555
529896,2563111
529896,1711324
529896,3644607
529896,2275138
529896,3956127
529896,3202064
529896,3089178
529896,3140722
529896,1443970
529896,411345
529896,838900
529896,1641213
529896,2538744
529896,1014673
529896,1016
529896,3492008
529896,3111551
529896,523075
529896,1413220
529896,298328
3213246,859441
3213246,1651333
3213246,2829430
3213246,2455582
3213246,2332397
3213246,1791688
3213246,1629087
3213246,3296786
3213246,3164615
3213246,2206677
3213246,667577
3213246,819160
3213246,2900949
3213246,1248453
3213246,1476083
3213246,3572421
3213246,3570271
3213246,431849
3213246,4132916
3213246,2828000
3213246,3039518
3213246,1181187
3213246,1304454
3213246,1372527
3213246,4033752
3213246,3460119
3213246,2768974
3213246,2377661
3213246,3062929
3213246,3056130
3213246,3852958
3213246,3154316
3213246,2169669
3213246,4039701
3213246,2107492
3213246,3756727
3213246,3905599
3213246,3481055
3213246,3649542
3213246,2351418
3213246,4218679
3213246,4005643
3213246,1920782
3213246,498078
3213246,1487948
3213246,2298404
3213246,3609850
3213246,2161681
3213246,2932657
3213246,772083
3213246,2574794
3213246,1993208
3213246,3377736
3213246,1756030
3213246,3833566
3213246,3798811
3213246,2599891
3213246,2308498
3213246,2916560
3213246,1445581
3213246,703049
3213246,2646380
3213246,3450897
3213246,3107911
2168448,3710919
2168448,2901813
2168448,2926739
2168448,1533572
2168448,1011917
2168448,3380947
2168448,3380125
2168448,2983812
2168448,1446857
2168448,1904884
2168448,281167
2168448,2936094
2168448,2353578
2168448,3573311
2168448,1150279
2168448,3157321
2168448,4005108
2168448,3833526
2168448,1607549
2168448,1639169
2168448,1691886
2168448,600166
2168448,803165
2168448,1988074
2168448,1176393
2168448,3535218
2168448,2239404
2168448,1677446
2168448,764319
2168448,3080830
2168448,3472723
2168448,2256190
2168448,548668
2168448,1424687
2168448,498492
2168448,252402
2168448,1416847
2168448,1546600
2168448,811735
2168448,2426047
2168448,1551379
2168448,2416521
2168448,1716887
2168448,1641499
2168448,1278658
2168448,2337170
2168448,1694381
2168448,3412127
2168448,3491643
2168448,1352471
2168448,3212758
2168448,3307154
2168448,3474059
2168448,1535387
2168448,2164779
2168448,515777
2168448,2341291
2168448,2301288
2168448,1670875
2168448,1873619
2168448,1677652
2168448,3594614
2168448,2568069
2168448,2605481
2168448,750695
2168448,963042
2168448,3781289
2168448,2459110
2168448,2527876
2168448,2345747
2168448,1893602
2168448,530784
2168448,3655512
2168448,1334557
2168448,1612547
2168448,4082249
2168448,2634975
2168448,2741664
2168448,1782354
2168448,147933
2168448,1143543
2168448,1675614
2168448,2528148
2168448,2839981
2168448,813656
3450897,859441
3450897,1651333
3450897,2829430
3450897,2455582
3450897,2332397
3450897,1791688
3450897,1629087
3450897,3296786
3450897,3164615
3450897,2206677
3450897,667577
3450897,819160
3450897,2900949
3450897,1248453
3450897,1476083
3450897,3572421
3450897,3570271
3450897,431849
3450897,4132916
3450897,2828000
3450897,3039518
3450897,1181187
3450897,1304454
3450897,1372527
3450897,4033752
3450897,3460119
3450897,2768974
3450897,2377661
3450897,3062929
3450897,3056130
3450897,3213246
3450897,3852958
3450897,3154316
3450897,2169669
3450897,4039701
3450897,2107492
3450897,3756727
3450897,3905599
3450897,3481055
3450897,3649542
3450897,2351418
3450897,4218679
3450897,4005643
3450897,1920782
3450897,498078
3450897,1487948
3450897,2298404
3450897,3609850
3450897,2161681
3450897,2932657
3450897,772083
3450897,2574794
3450897,1993208
3450897,3377736
3450897,1756030
3450897,3833566
3450897,3798811
3450897,2599891
3450897,2308498
3450897,2916560
3450897,1445581
3450897,703049
3450897,2646380
3450897,3107911
1372527,859441
1372527,1651333
1372527,2829430
1372527,2455582
1372527,2332397
1372527,1791688
1372527,1629087
1372527,3296786
1372527,3164615
1372527,2206677
1372527,667577
1372527,819160
1372527,2900949
1372527,1248453
1372527,1476083
1372527,3572421
1372527,3570271
1372527,431849
1372527,4132916
1372527,2828000
1372527,3039518
1372527,1181187
1372527,1304454
1372527,4033752
1372527,3460119
1372527,2768974
1372527,2377661
1372527,3062929
1372527,3056130
1372527,3213246
1372527,3852958
1372527,3154316
1372527,2169669
1372527,4039701
1372527,2107492
1372527,3756727
1372527,3905599
1372527,3481055
1372527,3649542
1372527,2351418
1372527,4218679
1372527,4005643
1372527,1920782
1372527,498078
1372527,1487948
1372527,2298404
1372527,3609850
1372527,2161681
1372527,2932657
1372527,772083
1372527,2574794
1372527,1993208
1372527,3377736
1372527,1756030
1372527,3833566
1372527,3798811
1372527,2599891
1372527,2308498
1372527,2916560
1372527,1445581
1372527,703049
1372527,2646380
1372527,3450897
1372527,3107911
803165,3710919
803165,2901813
803165,2926739
803165,1533572
803165,1011917
803165,3380947
803165,3380125
803165,2983812
803165,1446857
803165,1904884
803165,281167
803165,2936094
803165,2353578
803165,3573311
803165,1150279
803165,3157321
803165,4005108
803165,3833526
803165,1607549
803165,1639169
803165,1691886
803165,600166
803165,1988074
803165,1176393
803165,3535218
803165,2239404
803165,1677446
803165,764319
803165,3080830
803165,3472723
803165,2256190
803165,2168448
803165,548668
803165,1424687
803165,498492
803165,252402
803165,1416847
803165,1546600
803165,811735
803165,2426047
803165,1551379
803165,2416521
803165,1716887
803165,1641499
803165,1278658
803165,2337170
803165,1694381
803165,3412127
803165,3491643
803165,1352471
803165,3212758
803165,3307154
803165,3474059
803165,1535387
803165,2164779
803165,515777
803165,2341291
803165,2301288
803165,1670875
803165,1873619
803165,1677652
803165,3594614
803165,2568069
803165,2605481
803165,750695
803165,963042
803165,3781289
803165,2459110
803165,2527876
803165,2345747
803165,1893602
803165,530784
803165,3655512
803165,1334557
803165,1612547
803165,4082249
803165,2634975
803165,2741664
803165,1782354
803165,147933
803165,1143543
803165,1675614
803165,2528148
803165,2839981
803165,813656
3460119,859441
3460119,1651333
3460119,2829430
3460119,2455582
3460119,2332397
3460119,1791688
3460119,1629087
3460119,3296786
3460119,3164615
3460119,2206677
3460119,667577
3460119,819160
3460119,2900949
3460119,1248453
3460119,1476083
3460119,3572421
3460119,3570271
3460119,431849
3460119,4132916
3460119,2828000
3460119,3039518
3460119,1181187
3460119,1304454
3460119,1372527
3460119,4033752
3460119,2768974
3460119,2377661
3460119,3062929
3460119,3056130
3460119,3213246
3460119,3852958
3460119,3154316
3460119,2169669
3460119,4039701
3460119,2107492
3460119,3756727
3460119,3905599
3460119,3481055
3460119,3649542
3460119,2351418
3460119,4218679
3460119,4005643
3460119,1920782
3460119,498078
3460119,1487948
3460119,2298404
3460119,3609850
3460119,2161681
3460119,2932657
3460119,772083
3460119,2574794
3460119,1993208
3460119,3377736
3460119,1756030
3460119,3833566
3460119,3798811
3460119,2599891
3460119,2308498
3460119,2916560
3460119,1445581
3460119,703049
3460119,2646380
3460119,3450897
3460119,3107911
3684303,2853657
3684303,3294178
3684303,760485
3684303,2637324
3684303,1044894
3684303,3930533
3684303,1286975
3684303,2134915
3684303,2318666
3684303,529896
3684303,465839
3684303,404040
3684303,807014
3684303,3850607
3684303,486579
3684303,414992
3684303,1561419
3684303,992140
3684303,2189280
3684303,983170
3684303,3956127
3684303,3202064
3684303,3140722
3080830,3710919
3080830,2901813
3080830,2926739
3080830,1533572
3080830,1011917
3080830,3380947
3080830,3380125
3080830,2983812
3080830,1446857
3080830,1904884
3080830,281167
3080830,2936094
3080830,2353578
3080830,3573311
3080830,1150279
3080830,3157321
3080830,4005108
3080830,3833526
3080830,1607549
3080830,1639169
3080830,1691886
3080830,600166
3080830,803165
3080830,1988074
3080830,1176393
3080830,3535218
3080830,2239404
3080830,1677446
3080830,764319
3080830,3472723
3080830,2256190
3080830,2168448
3080830,548668
3080830,1424687
3080830,498492
3080830,252402
3080830,1416847
3080830,1546600
3080830,811735
3080830,2426047
3080830,1551379
3080830,2416521
3080830,1716887
3080830,1641499
3080830,1278658
3080830,2337170
3080830,1694381
3080830,3412127
3080830,3491643
3080830,1352471
3080830,3212758
3080830,3307154
3080830,3474059
3080830,1535387
3080830,2164779
3080830,515777
3080830,2341291
3080830,2301288
3080830,1670875
3080830,1873619
3080830,1677652
3080830,3594614
3080830,2568069
3080830,2605481
3080830,750695
3080830,963042
3080830,3781289
3080830,2459110
3080830,2527876
3080830,2345747
3080830,1893602
3080830,530784
3080830,3655512
3080830,1334557
3080830,1612547
3080830,4082249
3080830,2634975
3080830,2741664
3080830,1782354
3080830,147933
3080830,1143543
3080830,1675614
3080830,2528148
3080830,2839981
3080830,813656
1286975,2681286
1286975,3131114
1286975,2853657
1286975,3294178
1286975,760485
1286975,2202692
1286975,555394
1286975,1016342
1286975,416378
1286975,2354775
1286975,2637324
1286975,1044894
1286975,2410089
1286975,3930533
1286975,3684303
1286975,470428
1286975,2134915
1286975,968604
1286975,2318666
1286975,146207
1286975,3397609
1286975,529896
1286975,565884
1286975,2463803
1286975,4099624
1286975,465839
1286975,1033512
1286975,797553
1286975,404040
1286975,1634859
1286975,2197902
1286975,807014
1286975,3850607
1286975,486579
1286975,1608939
1286975,414992
1286975,445210
1286975,1000551
1286975,3184737
1286975,1077629
1286975,1418199
1286975,1003621
1286975,1561419
1286975,992140
1286975,1977514
1286975,3253061
1286975,2189280
1286975,818307
1286975,983170
1286975,3204752
1286975,1942163
1286975,481555
1286975,2563111
1286975,1711324
1286975,3644607
1286975,2275138
1286975,3956127
1286975,3202064
1286975,3140722
1286975,1443970
1286975,411345
1286975,1641213
1286975,2538744
1286975,79100
1286975,1014673
1286975,1016
1286975,3492008
1286975,3111551
1920782,859441
1920782,1651333
1920782,2829430
1920782,2455582
1920782,2332397
1920782,1791688
1920782,1629087
1920782,3296786
1920782,3164615
1920782,2206677
1920782,667577
1920782,819160
1920782,2900949
1920782,1248453
1920782,1476083
1920782,3572421
1920782,3570271
1920782,431849
1920782,4132916
1920782,2828000
1920782,3039518
1920782,1181187
1920782,1304454
1920782,1372527
1920782,4033752
1920782,3460119
1920782,2768974
1920782,2377661
1920782,3062929
1920782,3056130
1920782,3213246
1920782,3852958
1920782,3154316
1920782,2169669
1920782,4039701
1920782,2107492
1920782,3756727
1920782,3905599
1920782,3481055
1920782,3649542
1920782,2351418
1920782,4218679
1920782,4005643
1920782,498078
1920782,1487948
1920782,2298404
1920782,3609850
1920782,2161681
1920782,2932657
1920782,772083
1920782,2574794
1920782,1993208
1920782,3377736
1920782,1756030
1920782,3833566
1920782,3798811
1920782,2599891
1920782,2308498
1920782,2916560
1920782,1445581
1920782,703049
1920782,2646380
1920782,3450897
1920782,3107911
3307154,3710919
3307154,2901813
3307154,2926739
3307154,1533572
3307154,1011917
3307154,3380947
3307154,3380125
3307154,2983812
3307154,1446857
3307154,1904884
3307154,281167
3307154,2936094
3307154,2353578
3307154,3573311
3307154,1150279
3307154,3157321
3307154,4005108
3307154,3833526
3307154,1607549
3307154,1639169
3307154,1691886
3307154,600166
3307154,803165
3307154,1988074
3307154,1176393
3307154,3535218
3307154,2239404
3307154,1677446
3307154,764319
3307154,3080830
3307154,3472723
3307154,2256190
3307154,2168448
3307154,548668
3307154,1424687
3307154,498492
3307154,252402
3307154,1416847
3307154,1546600
3307154,811735
3307154,2426047
3307154,1551379
3307154,2416521
3307154,1716887
3307154,1641499
3307154,1278658
3307154,2337170
3307154,1694381
3307154,3412127
3307154,3491643
3307154,1352471
3307154,3212758
3307154,3474059
3307154,1535387
3307154,2164779
3307154,515777
3307154,2341291
3307154,2301288
3307154,1670875
3307154,1873619
3307154,1677652
3307154,3594614
3307154,2568069
3307154,2605481
3307154,750695
3307154,963042
3307154,3781289
3307154,2459110
3307154,2527876
3307154,2345747
3307154,1893602
3307154,530784
3307154,3655512
3307154,1334557
3307154,1612547
3307154,4082249
3307154,2634975
3307154,2741664
3307154,1782354
3307154,147933
3307154,1143543
3307154,1675614
3307154,2528148
3307154,2839981
3307154,813656
3474059,3710919
3474059,2901813
3474059,2926739
3474059,1533572
3474059,1011917
3474059,3380947
3474059,3380125
3474059,2983812
3474059,1446857
3474059,1904884
3474059,281167
3474059,2936094
3474059,2353578
3474059,3573311
3474059,1150279
3474059,3157321
3474059,4005108
3474059,3833526
3474059,1607549
3474059,1639169
3474059,1691886
3474059,600166
3474059,803165
3474059,1988074
3474059,1176393
3474059,3535218
3474059,2239404
3474059,1677446
3474059,764319
3474059,3080830
3474059,3472723
3474059,2256190
3474059,2168448
3474059,548668
3474059,1424687
3474059,498492
3474059,252402
3474059,1416847
3474059,1546600
3474059,811735
3474059,2426047
3474059,1551379
3474059,2416521
3474059,1716887
3474059,1641499
3474059,1278658
3474059,2337170
3474059,1694381
3474059,3412127
3474059,3491643
3474059,1352471
3474059,3212758
3474059,3307154
3474059,1535387
3474059,2164779
3474059,515777
3474059,2341291
3474059,2301288
3474059,1670875
3474059,1873619
3474059,1677652
3474059,3594614
3474059,2568069
3474059,2605481
3474059,750695
3474059,963042
3474059,3781289
3474059,2459110
3474059,2527876
3474059,2345747
3474059,1893602
3474059,530784
3474059,3655512
3474059,1334557
3474059,1612547
3474059,4082249
3474059,2634975
3474059,2741664
3474059,1782354
3474059,147933
3474059,1143543
3474059,1675614
3474059,2528148
3474059,2839981
3474059,813656
2741664,3710919
2741664,2901813
2741664,2926739
2741664,1533572
2741664,1011917
2741664,3380947
2741664,3380125
2741664,2983812
2741664,1446857
2741664,1904884
2741664,281167
2741664,2936094
2741664,2353578
2741664,3573311
2741664,1150279
2741664,3157321
2741664,4005108
2741664,3833526
2741664,1607549
2741664,1639169
2741664,1691886
2741664,600166
2741664,803165
2741664,1988074
2741664,1176393
2741664,3535218
2741664,2239404
2741664,1677446
2741664,764319
2741664,3080830
2741664,3472723
2741664,2256190
2741664,2168448
2741664,548668
2741664,1424687
2741664,498492
2741664,252402
2741664,1416847
2741664,1546600
2741664,811735
2741664,2426047
2741664,1551379
2741664,2416521
2741664,1716887
2741664,1641499
2741664,1278658
2741664,2337170
2741664,1694381
2741664,3412127
2741664,3491643
2741664,1352471
2741664,3212758
2741664,3307154
2741664,3474059
2741664,1535387
2741664,2164779
2741664,515777
2741664,2341291
2741664,2301288
2741664,1670875
2741664,1873619
2741664,1677652
2741664,3594614
2741664,2568069
2741664,2605481
2741664,750695
2741664,963042
2741664,3781289
2741664,2459110
2741664,2527876
2741664,2345747
2741664,1893602
2741664,530784
2741664,3655512
2741664,1334557
2741664,1612547
2741664,4082249
2741664,2634975
2741664,1782354
2741664,147933
2741664,1143543
2741664,1675614
2741664,2528148
2741664,2839981
2741664,813656
1782354,3710919
1782354,2901813
1782354,2926739
1782354,1533572
1782354,1011917
1782354,3380947
1782354,3380125
1782354,2983812
1782354,1446857
1782354,1904884
1782354,281167
1782354,2936094
1782354,2353578
1782354,3573311
1782354,1150279
1782354,3157321
1782354,4005108
1782354,3833526
1782354,1607549
1782354,1639169
1782354,1691886
1782354,600166
1782354,803165
1782354,1988074
1782354,1176393
1782354,3535218
1782354,2239404
1782354,1677446
1782354,764319
1782354,3080830
1782354,3472723
1782354,2256190
1782354,2168448
1782354,548668
1782354,1424687
1782354,498492
1782354,252402
1782354,1416847
1782354,1546600
1782354,811735
1782354,2426047
1782354,1551379
1782354,2416521
1782354,1716887
1782354,1641499
1782354,1278658
1782354,2337170
1782354,1694381
1782354,3412127
1782354,3491643
1782354,1352471
1782354,3212758
1782354,3307154
1782354,3474059
1782354,1535387
1782354,2164779
1782354,515777
1782354,2341291
1782354,2301288
1782354,1670875
1782354,1873619
1782354,1677652
1782354,3594614
1782354,2568069
1782354,2605481
1782354,750695
1782354,963042
1782354,3781289
1782354,2459110
1782354,2527876
1782354,2345747
1782354,1893602
1782354,530784
1782354,3655512
1782354,1334557
1782354,1612547
1782354,4082249
1782354,2634975
1782354,2741664
1782354,147933
1782354,1143543
1782354,1675614
1782354,2528148
1782354,2839981
1782354,813656
1143543,3710919
1143543,2901813
1143543,2926739
1143543,1533572
1143543,1011917
1143543,3380947
1143543,3380125
1143543,2983812
1143543,1446857
1143543,1904884
1143543,281167
1143543,2936094
1143543,2353578
1143543,3573311
1143543,1150279
1143543,3157321
1143543,4005108
1143543,3833526
1143543,1607549
1143543,1639169
1143543,1691886
1143543,600166
1143543,803165
1143543,1988074
1143543,1176393
1143543,3535218
1143543,2239404
1143543,1677446
1143543,764319
1143543,3080830
1143543,3472723
1143543,2256190
1143543,2168448
1143543,548668
1143543,1424687
1143543,498492
1143543,252402
1143543,1416847
1143543,1546600
1143543,811735
1143543,2426047
1143543,1551379
1143543,2416521
1143543,1716887
1143543,1641499
1143543,1278658
1143543,2337170
1143543,1694381
1143543,3412127
1143543,3491643
1143543,1352471
1143543,3212758
1143543,3307154
1143543,3474059
1143543,1535387
1143543,2164779
1143543,515777
1143543,2341291
1143543,2301288
1143543,1670875
1143543,1873619
1143543,1677652
1143543,3594614
1143543,2568069
1143543,2605481
1143543,750695
1143543,963042
1143543,3781289
1143543,2459110
1143543,2527876
1143543,2345747
1143543,1893602
1143543,530784
1143543,3655512
1143543,1334557
1143543,1612547
1143543,4082249
1143543,2634975
1143543,2741664
1143543,1782354
1143543,147933
1143543,1675614
1143543,2528148
1143543,2839981
1143543,813656
3296786,859441
3296786,1651333
3296786,2829430
3296786,2455582
3296786,2332397
3296786,1791688
3296786,1629087
3296786,3164615
3296786,2206677
3296786,667577
3296786,819160
3296786,2900949
3296786,1248453
3296786,1476083
3296786,3572421
3296786,3570271
3296786,431849
3296786,4132916
3296786,2828000
3296786,3039518
3296786,1181187
3296786,1304454
3296786,1372527
3296786,4033752
3296786,3460119
3296786,2768974
3296786,2377661
3296786,3062929
3296786,3056130
3296786,3213246
3296786,2668927
3296786,3852958
3296786,3154316
3296786,2169669
3296786,4039701
3296786,2107492
3296786,3756727
3296786,3905599
3296786,3481055
3296786,3649542
3296786,2351418
3296786,4218679
3296786,4005643
3296786,1920782
3296786,498078
3296786,1487948
3296786,2298404
3296786,3609850
3296786,2161681
3296786,2932657
3296786,772083
3296786,3173803
3296786,897394
3296786,2574794
3296786,1993208
3296786,3377736
3296786,1756030
3296786,3833566
3296786,3798811
3296786,2599891
3296786,2308498
3296786,2916560
3296786,1445581
3296786,703049
3296786,2646380
3296786,3450897
3296786,3107911
834598,2853657
834598,3294178
834598,416378
834598,2354463
834598,968604
834598,529896
834598,486579
834598,2284837
834598,983170
834598,3202064
3154316,859441
3154316,1651333
3154316,2829430
3154316,2455582
3154316,2332397
3154316,1791688
3154316,1629087
3154316,3296786
3154316,3164615
3154316,2206677
3154316,667577
3154316,819160
3154316,2900949
3154316,1248453
3154316,1476083
3154316,3572421
3154316,3570271
3154316,431849
3154316,4132916
3154316,2828000
3154316,3039518
3154316,1181187
3154316,1304454
3154316,1372527
3154316,4033752
3154316,3460119
3154316,2768974
3154316,2377661
3154316,3062929
3154316,3056130
3154316,3213246
3154316,3852958
3154316,2169669
3154316,4039701
3154316,2107492
3154316,3756727
3154316,3905599
3154316,3481055
3154316,3649542
3154316,2351418
3154316,4218679
3154316,4005643
3154316,1920782
3154316,498078
3154316,1487948
3154316,2298404
3154316,3609850
3154316,2161681
3154316,2932657
3154316,772083
3154316,2574794
3154316,1993208
3154316,3377736
3154316,1756030
3154316,3833566
3154316,3798811
3154316,2599891
3154316,2308498
3154316,2916560
3154316,1445581
3154316,703049
3154316,2646380
3154316,3450897
3154316,3107911
465839,2681286
465839,3131114
465839,460767
465839,2853657
465839,3294178
465839,760485
465839,2202692
465839,555394
465839,562715
465839,416378
465839,2354775
465839,2637324
465839,1044894
465839,2410089
465839,4090207
465839,3383486
465839,3930533
465839,3684303
465839,1286975
465839,2134915
465839,968604
465839,2318666
465839,146207
465839,3397609
465839,529896
465839,565884
465839,4099624
465839,1033512
465839,797553
465839,404040
465839,1816897
465839,2197902
465839,807014
465839,3850607
465839,486579
465839,414992
465839,1000551
465839,3184737
465839,1029019
465839,1418199
465839,1003621
465839,1561419
465839,667473
465839,992140
465839,1977514
465839,3253061
465839,1017237
465839,2189280
465839,818307
465839,983170
465839,481555
465839,2563111
465839,1711324
465839,3644607
465839,2275138
465839,3956127
465839,3202064
465839,3140722
465839,1443970
465839,411345
465839,1641213
465839,2538744
465839,79100
465839,1014673
465839,397248
465839,3111551
2169669,859441
2169669,1651333
2169669,2829430
2169669,2455582
2169669,2332397
2169669,1791688
2169669,1629087
2169669,3296786
2169669,3164615
2169669,2206677
2169669,667577
2169669,819160
2169669,2900949
2169669,1248453
2169669,1476083
2169669,3572421
2169669,3570271
2169669,431849
2169669,4132916
2169669,2828000
2169669,3039518
2169669,1181187
2169669,1304454
2169669,1372527
2169669,4033752
2169669,3460119
2169669,2768974
2169669,2377661
2169669,3062929
2169669,3056130
2169669,3213246
2169669,3852958
2169669,3154316
2169669,4039701
2169669,2107492
2169669,3756727
2169669,3905599
2169669,3481055
2169669,3649542
2169669,2351418
2169669,4218679
2169669,4005643
2169669,1920782
2169669,498078
2169669,1487948
2169669,2298404
2169669,3609850
2169669,2161681
2169669,2932657
2169669,772083
2169669,2574794
2169669,1993208
2169669,3377736
2169669,1756030
2169669,3833566
2169669,3798811
2169669,2599891
2169669,2308498
2169669,2916560
2169669,1445581
2169669,703049
2169669,2646380
2169669,3450897
2169669,3107911
2298404,859441
2298404,1651333
2298404,2829430
2298404,2455582
2298404,2332397
2298404,3876454
2298404,3101243
2298404,1791688
2298404,1629087
2298404,3296786
2298404,3164615
2298404,2206677
2298404,667577
2298404,819160
2298404,2900949
2298404,1248453
2298404,1476083
2298404,3572421
2298404,3570271
2298404,431849
2298404,4132916
2298404,2828000
2298404,3039518
2298404,1181187
2298404,1304454
2298404,1372527
2298404,4033752
2298404,3460119
2298404,2768974
2298404,2377661
2298404,3062929
2298404,3056130
2298404,3213246
2298404,3852958
2298404,3154316
2298404,2169669
2298404,4039701
2298404,2107492
2298404,3756727
2298404,3905599
2298404,3481055
2298404,3649542
2298404,2351418
2298404,4218679
2298404,4005643
2298404,1920782
2298404,498078
2298404,1487948
2298404,1705304
2298404,3609850
2298404,2161681
2298404,2932657
2298404,772083
2298404,2574794
2298404,1993208
2298404,3377736
2298404,1756030
2298404,3833566
2298404,3798811
2298404,2599891
2298404,2308498
2298404,2916560
2298404,1445581
2298404,703049
2298404,2646380
2298404,3450897
2298404,3107911
2284837,834598
3609850,859441
3609850,1651333
3609850,2829430
3609850,2455582
3609850,2332397
3609850,1791688
3609850,1629087
3609850,3296786
3609850,3164615
3609850,2206677
3609850,667577
3609850,819160
3609850,2900949
3609850,1248453
3609850,1476083
3609850,3572421
3609850,3570271
3609850,431849
3609850,4132916
3609850,2828000
3609850,3039518
3609850,1181187
3609850,1304454
3609850,1372527
3609850,4033752
3609850,3460119
3609850,2768974
3609850,2377661
3609850,3062929
3609850,3056130
3609850,3213246
3609850,3852958
3609850,3154316
3609850,2169669
3609850,4039701
3609850,2107492
3609850,3756727
3609850,3905599
3609850,3481055
3609850,3649542
3609850,2351418
3609850,4218679
3609850,4005643
3609850,1920782
3609850,498078
3609850,1487948
3609850,2298404
3609850,2161681
3609850,2932657
3609850,772083
3609850,2574794
3609850,1993208
3609850,3377736
3609850,1756030
3609850,3833566
3609850,3798811
3609850,2599891
3609850,2308498
3609850,2916560
3609850,1445581
3609850,703049
3609850,2646380
3609850,3450897
3609850,3107911
1873619,3710919
1873619,2901813
1873619,2926739
1873619,1533572
1873619,1011917
1873619,3380947
1873619,3380125
1873619,2983812
1873619,1446857
1873619,1904884
1873619,281167
1873619,2936094
1873619,2353578
1873619,3573311
1873619,1150279
1873619,3157321
1873619,4005108
1873619,3833526
1873619,1607549
1873619,1639169
1873619,1691886
1873619,600166
1873619,803165
1873619,1988074
1873619,1176393
1873619,3535218
1873619,2239404
1873619,1677446
1873619,764319
1873619,3080830
1873619,3472723
1873619,2256190
1873619,2168448
1873619,548668
1873619,1424687
1873619,498492
1873619,252402
1873619,1416847
1873619,1546600
1873619,811735
1873619,2426047
1873619,1551379
1873619,2416521
1873619,1716887
1873619,1641499
1873619,1278658
1873619,2337170
1873619,1694381
1873619,3412127
1873619,3491643
1873619,1352471
1873619,3212758
1873619,3307154
1873619,3474059
1873619,1535387
1873619,2164779
1873619,515777
1873619,2341291
1873619,2301288
1873619,1670875
1873619,1677652
1873619,3594614
1873619,2568069
1873619,2605481
1873619,750695
1873619,963042
1873619,3781289
1873619,2459110
1873619,2527876
1873619,2345747
1873619,1893602
1873619,530784
1873619,3655512
1873619,1334557
1873619,1612547
1873619,4082249
1873619,2634975
1873619,2741664
1873619,1782354
1873619,147933
1873619,1143543
1873619,1675614
1873619,2528148
1873619,2839981
1873619,813656
2528148,3710919
2528148,2901813
2528148,2926739
2528148,1533572
2528148,1011917
2528148,3380947
2528148,3380125
2528148,2983812
2528148,1446857
2528148,1904884
2528148,281167
2528148,2936094
2528148,2353578
2528148,3573311
2528148,1150279
2528148,3157321
2528148,4005108
2528148,3833526
2528148,1607549
2528148,1639169
2528148,1691886
2528148,600166
2528148,803165
2528148,1988074
2528148,1176393
2528148,3535218
2528148,2239404
2528148,1677446
2528148,764319
2528148,3080830
2528148,3472723
2528148,2256190
2528148,2168448
2528148,548668
2528148,1424687
2528148,498492
2528148,252402
2528148,1416847
2528148,1546600
2528148,811735
2528148,2426047
2528148,1551379
2528148,2416521
2528148,1716887
2528148,1641499
2528148,1278658
2528148,2337170
2528148,1694381
2528148,3412127
2528148,3491643
2528148,1352471
2528148,3212758
2528148,3307154
2528148,3474059
2528148,1535387
2528148,2164779
2528148,515777
2528148,2341291
2528148,2301288
2528148,1670875
2528148,1873619
2528148,1677652
2528148,3594614
2528148,2568069
2528148,2605481
2528148,750695
2528148,963042
2528148,3781289
2528148,2459110
2528148,2527876
2528148,2345747
2528148,1893602
2528148,530784
2528148,3655512
2528148,1334557
2528148,1612547
2528148,4082249
2528148,2634975
2528148,2741664
2528148,1782354
2528148,147933
2528148,1143543
2528148,1675614
2528148,2839981
2528148,813656
2900949,859441
2900949,1651333
2900949,2829430
2900949,2455582
2900949,2332397
2900949,1791688
2900949,1629087
2900949,3296786
2900949,3164615
2900949,2206677
2900949,667577
2900949,819160
2900949,1248453
2900949,1476083
2900949,3572421
2900949,3570271
2900949,431849
2900949,4132916
2900949,2828000
2900949,3039518
2900949,1181187
2900949,1304454
2900949,1372527
2900949,4033752
2900949,3460119
2900949,2768974
2900949,2377661
2900949,3062929
2900949,3056130
2900949,3213246
2900949,3852958
2900949,3154316
2900949,2169669
2900949,4039701
2900949,2107492
2900949,3756727
2900949,3905599
2900949,3481055
2900949,3649542
2900949,2351418
2900949,4218679
2900949,4005643
2900949,1920782
2900949,498078
2900949,1487948
2900949,2298404
2900949,3609850
2900949,2161681
2900949,2932657
2900949,772083
2900949,2574794
2900949,1993208
2900949,3377736
2900949,1756030
2900949,3833566
2900949,3798811
2900949,2599891
2900949,2308498
2900949,2916560
2900949,1445581
2900949,703049
2900949,2646380
2900949,3450897
2900949,3107911
2983812,3710919
2983812,2901813
2983812,2926739
2983812,1533572
2983812,1011917
2983812,3380947
2983812,3380125
2983812,1446857
2983812,1904884
2983812,281167
2983812,2936094
2983812,2353578
2983812,3573311
2983812,1150279
2983812,3157321
2983812,4005108
2983812,3833526
2983812,1607549
2983812,1639169
2983812,1691886
2983812,600166
2983812,803165
2983812,1988074
2983812,1176393
2983812,3535218
2983812,2239404
2983812,1677446
2983812,764319
2983812,3080830
2983812,3472723
2983812,2256190
2983812,2168448
2983812,548668
2983812,1424687
2983812,498492
2983812,252402
2983812,1416847
2983812,1546600
2983812,811735
2983812,2426047
2983812,1551379
2983812,2416521
2983812,1716887
2983812,1641499
2983812,1278658
2983812,2337170
2983812,1694381
2983812,3412127
2983812,3491643
2983812,1352471
2983812,3212758
2983812,3307154
2983812,3474059
2983812,1535387
2983812,2164779
2983812,515777
2983812,2341291
2983812,2301288
2983812,1670875
2983812,1873619
2983812,1677652
2983812,3594614
2983812,2568069
2983812,2605481
2983812,750695
2983812,963042
2983812,3781289
2983812,2459110
2983812,2527876
2983812,2345747
2983812,1893602
2983812,530784
2983812,3655512
2983812,1334557
2983812,1612547
2983812,4082249
2983812,2634975
2983812,2741664
2983812,1782354
2983812,147933
2983812,1143543
2983812,1675614
2983812,2528148
2983812,2839981
2983812,813656
1904884,3710919
1904884,2901813
1904884,2926739
1904884,1533572
1904884,1011917
1904884,3380947
1904884,3380125
1904884,2983812
1904884,1446857
1904884,281167
1904884,2936094
1904884,2353578
1904884,3573311
1904884,1150279
1904884,3157321
1904884,4005108
1904884,3833526
1904884,1607549
1904884,1639169
1904884,1691886
1904884,600166
1904884,803165
1904884,1988074
1904884,1176393
1904884,3535218
1904884,2239404
1904884,1677446
1904884,764319
1904884,3080830
1904884,3472723
1904884,2256190
1904884,2168448
1904884,548668
1904884,1424687
1904884,498492
1904884,252402
1904884,1416847
1904884,1546600
1904884,811735
1904884,2426047
1904884,1551379
1904884,2416521
1904884,1716887
1904884,1641499
1904884,1278658
1904884,2337170
1904884,1694381
1904884,3412127
1904884,3491643
1904884,1352471
1904884,3212758
1904884,3307154
1904884,3474059
1904884,1535387
1904884,2164779
1904884,515777
1904884,2341291
1904884,2301288
1904884,1670875
1904884,1873619
1904884,1677652
1904884,3594614
1904884,2568069
1904884,2605481
1904884,750695
1904884,963042
1904884,3781289
1904884,2459110
1904884,2527876
1904884,2345747
1904884,1893602
1904884,530784
1904884,3655512
1904884,1334557
1904884,1612547
1904884,4082249
1904884,2634975
1904884,2741664
1904884,1782354
1904884,147933
1904884,1143543
1904884,1675614
1904884,2528148
1904884,2839981
1904884,813656
3572421,859441
3572421,1651333
3572421,2829430
3572421,2455582
3572421,2332397
3572421,1791688
3572421,1629087
3572421,3296786
3572421,3164615
3572421,2206677
3572421,667577
3572421,819160
3572421,2900949
3572421,1248453
3572421,1476083
3572421,3570271
3572421,431849
3572421,4132916
3572421,2828000
3572421,3039518
3572421,1181187
3572421,1304454
3572421,1372527
3572421,4033752
3572421,3460119
3572421,2768974
3572421,2377661
3572421,3062929
3572421,3056130
3572421,3213246
3572421,3852958
3572421,3154316
3572421,2169669
3572421,4039701
3572421,2107492
3572421,3756727
3572421,3905599
3572421,3481055
3572421,3649542
3572421,2351418
3572421,4218679
3572421,4005643
3572421,1920782
3572421,498078
3572421,1487948
3572421,2298404
3572421,3609850
3572421,2161681
3572421,2932657
3572421,772083
3572421,2574794
3572421,1993208
3572421,3377736
3572421,1756030
3572421,3833566
3572421,3798811
3572421,2599891
3572421,2308498
3572421,2916560
3572421,1445581
3572421,703049
3572421,2646380
3572421,3450897
3572421,3107911
1504269,3089178
2337170,3710919
2337170,2901813
2337170,2926739
2337170,1533572
2337170,1011917
2337170,3380947
2337170,3380125
2337170,2983812
2337170,1446857
2337170,1904884
2337170,281167
2337170,2936094
2337170,2353578
2337170,3573311
2337170,1150279
2337170,3157321
2337170,4005108
2337170,3833526
2337170,1607549
2337170,1639169
2337170,1691886
2337170,600166
2337170,803165
2337170,1988074
2337170,1176393
2337170,3535218
2337170,2239404
2337170,1677446
2337170,764319
2337170,3080830
2337170,3472723
2337170,2256190
2337170,2168448
2337170,548668
2337170,1424687
2337170,498492
2337170,252402
2337170,1416847
2337170,1546600
2337170,811735
2337170,2426047
2337170,1551379
2337170,2416521
2337170,1716887
2337170,1641499
2337170,1278658
2337170,1694381
2337170,3412127
2337170,3491643
2337170,1352471
2337170,3212758
2337170,3307154
2337170,3474059
2337170,1535387
2337170,2164779
2337170,515777
2337170,2341291
2337170,2301288
2337170,1670875
2337170,1873619
2337170,1677652
2337170,3594614
2337170,2568069
2337170,2605481
2337170,750695
2337170,963042
2337170,3781289
2337170,2459110
2337170,2527876
2337170,2345747
2337170,1893602
2337170,530784
2337170,3655512
2337170,1334557
2337170,1612547
2337170,4082249
2337170,2634975
2337170,2741664
2337170,1782354
2337170,147933
2337170,1143543
2337170,1675614
2337170,2528148
2337170,2839981
2337170,813656
3140722,2681286
3140722,3131114
3140722,2853657
3140722,3294178
3140722,760485
3140722,2202692
3140722,1016342
3140722,416378
3140722,2637324
3140722,1044894
3140722,2410089
3140722,3383486
3140722,3455883
3140722,3930533
3140722,3684303
3140722,1286975
3140722,2134915
3140722,968604
3140722,2318666
3140722,529896
3140722,465839
3140722,1033512
3140722,797553
3140722,404040
3140722,1634859
3140722,2197902
3140722,807014
3140722,3850607
3140722,486579
3140722,414992
3140722,445210
3140722,3184737
3140722,1418199
3140722,1003621
3140722,1561419
3140722,992140
3140722,1017237
3140722,2189280
3140722,818307
3140722,983170
3140722,3204752
3140722,481555
3140722,2563111
3140722,3644607
3140722,2275138
3140722,3956127
3140722,3202064
3140722,1443970
3140722,328869
3140722,411345
3140722,2538744
3140722,1014673
3140722,397248
3140722,3492008
3140722,3111551
3140722,1413220
3140722,298328
1100867,3294178
1100867,416378
1100867,2637324
1100867,2410089
1100867,1673735
1100867,2134915
1100867,968604
1100867,529896
1100867,486579
1100867,1608939
1100867,445210
1100867,1003621
1100867,1369150
1100867,983170
1100867,481555
1100867,3202064
1100867,2538744
1100867,298328
1639169,3710919
1639169,2901813
1639169,2926739
1639169,1533572
1639169,1011917
1639169,3380947
1639169,3380125
1639169,2983812
1639169,1446857
1639169,1904884
1639169,281167
1639169,2936094
1639169,2353578
1639169,3573311
1639169,1150279
1639169,3157321
1639169,4005108
1639169,3833526
1639169,1607549
1639169,1691886
1639169,600166
1639169,803165
1639169,1988074
1639169,1176393
1639169,3535218
1639169,2239404
1639169,1677446
1639169,764319
1639169,3080830
1639169,3472723
1639169,2256190
1639169,2168448
1639169,548668
1639169,1424687
1639169,498492
1639169,252402
1639169,1416847
1639169,1546600
1639169,811735
1639169,2426047
1639169,1551379
1639169,2416521
1639169,1716887
1639169,1641499
1639169,1278658
1639169,2337170
1639169,1694381
1639169,3412127
1639169,3491643
1639169,1352471
1639169,3212758
1639169,3307154
1639169,3474059
1639169,1535387
1639169,2164779
1639169,515777
1639169,2341291
1639169,2301288
1639169,1670875
1639169,1873619
1639169,1677652
1639169,3594614
1639169,2568069
1639169,2605481
1639169,750695
1639169,963042
1639169,3781289
1639169,2459110
1639169,2527876
1639169,2345747
1639169,1893602
1639169,530784
1639169,3655512
1639169,1334557
1639169,1612547
1639169,4082249
1639169,2634975
1639169,2741664
1639169,1782354
1639169,147933
1639169,1143543
1639169,1675614
1639169,2528148
1639169,2839981
1639169,813656
1304454,859441
1304454,1651333
1304454,2829430
1304454,2455582
1304454,2332397
1304454,1791688
1304454,1629087
1304454,3296786
1304454,3164615
1304454,2206677
1304454,667577
1304454,819160
1304454,2900949
1304454,1248453
1304454,1476083
1304454,3572421
1304454,3570271
1304454,431849
1304454,4132916
1304454,2828000
1304454,3039518
1304454,1181187
1304454,1372527
1304454,4033752
1304454,3460119
1304454,2768974
1304454,2377661
1304454,3062929
1304454,3056130
1304454,3213246
1304454,3852958
1304454,3154316
1304454,2169669
1304454,4039701
1304454,2107492
1304454,3756727
1304454,3905599
1304454,3481055
1304454,3649542
1304454,2351418
1304454,4218679
1304454,4005643
1304454,1920782
1304454,498078
1304454,1487948
1304454,2298404
1304454,3609850
1304454,2161681
1304454,2932657
1304454,772083
1304454,2574794
1304454,1993208
1304454,3377736
1304454,1756030
1304454,3833566
1304454,3798811
1304454,2599891
1304454,2308498
1304454,2916560
1304454,1445581
1304454,703049
1304454,2646380
1304454,3450897
1304454,3107911
3905599,859441
3905599,1651333
3905599,2829430
3905599,2455582
3905599,2332397
3905599,1791688
3905599,1629087
3905599,3296786
3905599,3164615
3905599,2206677
3905599,667577
3905599,819160
3905599,2900949
3905599,1248453
3905599,1476083
3905599,3572421
3905599,3570271
3905599,431849
3905599,4132916
3905599,2828000
3905599,3039518
3905599,1181187
3905599,1304454
3905599,1372527
3905599,4033752
3905599,3460119
3905599,2768974
3905599,2377661
3905599,3062929
3905599,3056130
3905599,3213246
3905599,3852958
3905599,3154316
3905599,2169669
3905599,4039701
3905599,2107492
3905599,3756727
3905599,3481055
3905599,3649542
3905599,2351418
3905599,4218679
3905599,4005643
3905599,1920782
3905599,498078
3905599,1487948
3905599,2298404
3905599,3609850
3905599,2161681
3905599,2932657
3905599,772083
3905599,2574794
3905599,1993208
3905599,3377736
3905599,1756030
3905599,3833566
3905599,3798811
3905599,2599891
3905599,2308498
3905599,2916560
3905599,1445581
3905599,703049
3905599,2646380
3905599,3450897
3905599,3107911
983170,2681286
983170,3131114
983170,460767
983170,2853657
983170,3294178
983170,760485
983170,2202692
983170,834598
983170,555394
983170,562715
983170,416378
983170,2354775
983170,2637324
983170,1044894
983170,1100867
983170,2410089
983170,3383486
983170,3930533
983170,3684303
983170,1286975
983170,2134915
983170,968604
983170,2318666
983170,146207
983170,3397609
983170,529896
983170,565884
983170,4099624
983170,465839
983170,1033512
983170,797553
983170,404040
983170,1816897
983170,2197902
983170,807014
983170,3850607
983170,486579
983170,414992
983170,445210
983170,1000551
983170,3184737
983170,1029019
983170,1418199
983170,1003621
983170,1561419
983170,3914050
983170,667473
983170,992140
983170,1977514
983170,3253061
983170,2189280
983170,481555
983170,1711324
983170,3644607
983170,2275138
983170,3956127
983170,3202064
983170,3140722
983170,1443970
983170,2538744
983170,79100
983170,1014673
983170,1016
983170,3111551
983170,1413220
2568069,3710919
2568069,2901813
2568069,2926739
2568069,1533572
2568069,1011917
2568069,3380947
2568069,3380125
2568069,2983812
2568069,1446857
2568069,1904884
2568069,281167
2568069,2936094
2568069,2353578
2568069,3573311
2568069,1150279
2568069,3157321
2568069,4005108
2568069,3833526
2568069,1607549
2568069,1639169
2568069,1691886
2568069,600166
2568069,803165
2568069,1988074
2568069,1176393
2568069,3535218
2568069,2239404
2568069,1677446
2568069,764319
2568069,3080830
2568069,3472723
2568069,2256190
2568069,2168448
2568069,548668
2568069,1424687
2568069,498492
2568069,252402
2568069,1416847
2568069,1546600
2568069,811735
2568069,2426047
2568069,1551379
2568069,2416521
2568069,1716887
2568069,1641499
2568069,1278658
2568069,2337170
2568069,1694381
2568069,3412127
2568069,3491643
2568069,1352471
2568069,3212758
2568069,3307154
2568069,3474059
2568069,1535387
2568069,2164779
2568069,515777
2568069,2341291
2568069,2301288
2568069,1670875
2568069,1873619
2568069,1677652
2568069,3594614
2568069,2605481
2568069,750695
2568069,963042
2568069,3781289
2568069,2459110
2568069,2527876
2568069,2345747
2568069,1893602
2568069,530784
2568069,3655512
2568069,1334557
2568069,1612547
2568069,4082249
2568069,2634975
2568069,2741664
2568069,1782354
2568069,147933
2568069,1143543
2568069,1675614
2568069,2528148
2568069,2839981
2568069,813656
2308498,859441
2308498,1651333
2308498,2829430
2308498,2455582
2308498,2332397
2308498,1791688
2308498,1629087
2308498,3296786
2308498,3164615
2308498,2206677
2308498,667577
2308498,819160
2308498,2900949
2308498,1248453
2308498,1476083
2308498,3572421
2308498,3570271
2308498,431849
2308498,4132916
2308498,2828000
2308498,3039518
2308498,1181187
2308498,1304454
2308498,1372527
2308498,4033752
2308498,3460119
2308498,2768974
2308498,2377661
2308498,3062929
2308498,3056130
2308498,3213246
2308498,3852958
2308498,3154316
2308498,2169669
2308498,4039701
2308498,2107492
2308498,3756727
2308498,3905599
2308498,3481055
2308498,3649542
2308498,2351418
2308498,4218679
2308498,4005643
2308498,1920782
2308498,498078
2308498,1487948
2308498,2298404
2308498,3609850
2308498,2161681
2308498,2932657
2308498,772083
2308498,2574794
2308498,1993208
2308498,3377736
2308498,1756030
2308498,3833566
2308498,3798811
2308498,2599891
2308498,2916560
2308498,1445581
2308498,703049
2308498,2646380
2308498,3450897
2308498,3107911
328869,760485
328869,2202692
328869,3383486
328869,807014
328869,2189280
328869,2275138
328869,3140722
328869,397248
2634975,3710919
2634975,2901813
2634975,2926739
2634975,1533572
2634975,1011917
2634975,3380947
2634975,3380125
2634975,2983812
2634975,1446857
2634975,1904884
2634975,281167
2634975,2936094
2634975,2353578
2634975,3573311
2634975,1150279
2634975,3157321
2634975,4005108
2634975,3833526
2634975,1607549
2634975,1639169
2634975,1691886
2634975,600166
2634975,803165
2634975,1988074
2634975,1176393
2634975,3535218
2634975,2239404
2634975,1677446
2634975,764319
2634975,3080830
2634975,3472723
2634975,2256190
2634975,2168448
2634975,548668
2634975,1424687
2634975,498492
2634975,252402
2634975,1416847
2634975,1546600
2634975,811735
2634975,2426047
2634975,1551379
2634975,2416521
2634975,1716887
2634975,1641499
2634975,1278658
2634975,2337170
2634975,1694381
2634975,3412127
2634975,3491643
2634975,1352471
2634975,3212758
2634975,3307154
2634975,3474059
2634975,1535387
2634975,2164779
2634975,515777
2634975,2341291
2634975,2301288
2634975,1670875
2634975,1873619
2634975,1677652
2634975,3594614
2634975,2568069
2634975,2605481
2634975,750695
2634975,963042
2634975,3781289
2634975,2459110
2634975,2527876
2634975,2345747
2634975,1893602
2634975,530784
2634975,3655512
2634975,1334557
2634975,1612547
2634975,4082249
2634975,2741664
2634975,1782354
2634975,147933
2634975,1143543
2634975,1675614
2634975,2528148
2634975,2839981
2634975,813656
